"contract_id","cnpj_sacado","segmento","faturamento_informado","pontualidade_pct","prazo_medio_dias","atraso_severo_60d"
"CTR-50001","CNPJ-173","Indústria",27803.72,94.5,60,0
"CTR-50002","CNPJ-224","Serviços",59480.63,100,120,0
"CTR-50003","CNPJ-246","Indústria",54560.26,63.4,90,0
"CTR-50004","CNPJ-202","Serviços",14688.31,55.9,60,0
"CTR-50005","CNPJ-205","Comércio",734589.19,98.6,90,0
"CTR-50006","CNPJ-198","Comércio",64588.57,75.6,90,0
"CTR-50007","CNPJ-120","Comércio",37070.67,59.3,60,0
"CTR-50008","CNPJ-234","Serviços",52489.11,69.7,90,0
"CTR-50009","CNPJ-121","Serviços",NA,87.1,90,0
"CTR-50010","CNPJ-246","Indústria",148871.05,94.9,90,0
"CTR-50011","CNPJ-164","Comércio",28443.68,99.3,30,0
"CTR-50012","CNPJ-183","Serviços",21797.63,72.4,60,0
"CTR-50013","CNPJ-140","Tecnologia",419676.21,100,120,0
"CTR-50014","CNPJ-170","Comércio",475928.75,86.3,60,0
"CTR-50015","CNPJ-197","Comércio",115164.19,74.6,60,0
"CTR-50016","CNPJ-203","Comércio",220509.43,75.6,90,0
"CTR-50017","CNPJ-257","Comércio",132714.23,93.8,30,0
"CTR-50018","CNPJ-173","Comércio",90888.5,100,120,0
"CTR-50019","CNPJ-102","Serviços",264795.91,59.9,60,0
"CTR-50020","CNPJ-159","Comércio",NA,83.5,60,0
"CTR-50021","CNPJ-143","Comércio",351548.8,93.9,90,0
"CTR-50022","CNPJ-230","Serviços",142697.42,79,120,0
"CTR-50023","CNPJ-111","Indústria",57543.93,85.4,30,0
"CTR-50024","CNPJ-187","Serviços",69731.69,80,30,0
"CTR-50025","CNPJ-101","Comércio",235157.64,94.5,30,0
"CTR-50026","CNPJ-142","Serviços",83888.61,63.1,60,1
"CTR-50027","CNPJ-263","Comércio",61714.08,85.5,90,0
"CTR-50028","CNPJ-147","Serviços",168112.74,96,60,0
"CTR-50029","CNPJ-115","Serviços",146967.87,82.2,60,0
"CTR-50030","CNPJ-133","Comércio",142302.14,77.2,30,0
"CTR-50031","CNPJ-218","Serviços",38532.8,90.9,120,0
"CTR-50032","CNPJ-187","Comércio",77290.51,100,60,0
"CTR-50033","CNPJ-183","Comércio",82517.34,67.3,60,0
"CTR-50034","CNPJ-156","Indústria",41890.27,73.4,60,0
"CTR-50035","CNPJ-295","Comércio",81931.01,91,30,0
"CTR-50036","CNPJ-251","Comércio",12865.46,99,90,0
"CTR-50037","CNPJ-139","Comércio",159131.41,84.7,30,0
"CTR-50038","CNPJ-112","Serviços",87867.55,100,90,0
"CTR-50039","CNPJ-135","Comércio",40521.72,100,120,0
"CTR-50040","CNPJ-223","Comércio",252176.96,78.6,30,0
"CTR-50041","CNPJ-266","Serviços",82714.7,87.6,60,0
"CTR-50042","CNPJ-216","Serviços",115021.59,76.2,120,0
"CTR-50043","CNPJ-266","Serviços",279851.29,95.7,90,0
"CTR-50044","CNPJ-100","Comércio",198439.72,97.9,30,0
"CTR-50045","CNPJ-243","Serviços",29379.51,100,90,0
"CTR-50046","CNPJ-135","Tecnologia",78839.64,91.9,60,0
"CTR-50047","CNPJ-170","Indústria",179104.6,88.7,60,0
"CTR-50048","CNPJ-255","Serviços",83199.99,100,90,0
"CTR-50049","CNPJ-173","Serviços",511588.27,92.4,30,0
"CTR-50050","CNPJ-260","Comércio",22776.03,87,30,0
"CTR-50051","CNPJ-133","Comércio",65272.51,61.7,30,0
"CTR-50052","CNPJ-223","Indústria",16289.23,100,90,0
"CTR-50053","CNPJ-140","Comércio",576160.39,73,60,0
"CTR-50054","CNPJ-234","Indústria",28155.02,82.9,120,0
"CTR-50055","CNPJ-212","Comércio",92358.03,81,120,0
"CTR-50056","CNPJ-132","Serviços",64115.52,61,30,0
"CTR-50057","CNPJ-155","Indústria",119271.4,90.9,60,0
"CTR-50058","CNPJ-126","Indústria",49834.66,100,90,0
"CTR-50059","CNPJ-212","Indústria",51030.87,96.4,60,0
"CTR-50060","CNPJ-130","Comércio",17040.18,82.7,30,0
"CTR-50061","CNPJ-146","Tecnologia",89600.29,94.5,120,0
"CTR-50062","CNPJ-196","Comércio",173763.72,70.9,30,0
"CTR-50063","CNPJ-261","Comércio",257219.67,93.5,30,0
"CTR-50064","CNPJ-222","Serviços",99912.5,86.3,60,0
"CTR-50065","CNPJ-152","Indústria",256069.55,80.2,30,0
"CTR-50066","CNPJ-188","Indústria",119948.78,96.4,60,0
"CTR-50067","CNPJ-152","Serviços",369080.62,75.6,60,0
"CTR-50068","CNPJ-109","Indústria",138025.98,100,120,0
"CTR-50069","CNPJ-273","Indústria",209083.57,67.1,60,0
"CTR-50070","CNPJ-198","Serviços",198012.16,75.9,90,0
"CTR-50071","CNPJ-194","Serviços",29678.99,99.5,60,0
"CTR-50072","CNPJ-127","Comércio",61024.1,79.8,90,0
"CTR-50073","CNPJ-219","Comércio",193857.4,83.3,60,0
"CTR-50074","CNPJ-128","Tecnologia",171479.4,100,30,0
"CTR-50075","CNPJ-134","Comércio",205626.4,97.5,30,0
"CTR-50076","CNPJ-249","Indústria",143886.4,99.4,30,0
"CTR-50077","CNPJ-163","Comércio",70265.78,65,60,0
"CTR-50078","CNPJ-142","Serviços",362570.77,81.6,90,0
"CTR-50079","CNPJ-239","Serviços",958791.55,79.2,90,0
"CTR-50080","CNPJ-194","Comércio",188759.43,62.8,30,0
"CTR-50081","CNPJ-147","Comércio",36001.14,76.5,60,0
"CTR-50082","CNPJ-158","Comércio",297326.51,97.7,30,0
"CTR-50083","CNPJ-122","Comércio",445958.94,82.9,60,0
"CTR-50084","CNPJ-266","Comércio",179096.82,68.6,60,0
"CTR-50085","CNPJ-168","Serviços",NA,73.5,60,0
"CTR-50086","CNPJ-299","Indústria",260126.63,86.8,120,0
"CTR-50087","CNPJ-110","Comércio",72294.58,94.4,30,0
"CTR-50088","CNPJ-164","Tecnologia",122815.54,94.4,30,0
"CTR-50089","CNPJ-277","Serviços",183942.67,93.5,60,0
"CTR-50090","CNPJ-249","Serviços",40826.13,65,120,0
"CTR-50091","CNPJ-279","Tecnologia",23206.97,91,60,0
"CTR-50092","CNPJ-171","Serviços",75782.35,100,30,0
"CTR-50093","CNPJ-152","Indústria",71971.94,100,30,0
"CTR-50094","CNPJ-211","Comércio",71801.04,100,90,0
"CTR-50095","CNPJ-221","Comércio",130090.61,79.4,60,0
"CTR-50096","CNPJ-164","Comércio",137499.52,93.1,90,0
"CTR-50097","CNPJ-240","Tecnologia",73173.56,79.2,30,0
"CTR-50098","CNPJ-121","Comércio",156127.01,83.1,30,0
"CTR-50099","CNPJ-289","Comércio",121378.65,90.7,30,0
"CTR-50100","CNPJ-223","Serviços",92529.8,87.7,90,0
"CTR-50101","CNPJ-177","Comércio",228544.87,90.6,60,0
"CTR-50102","CNPJ-116","Indústria",418655.67,82.5,60,0
"CTR-50103","CNPJ-160","Indústria",49833.37,93.3,30,0
"CTR-50104","CNPJ-217","Indústria",37006.17,86.5,90,0
"CTR-50105","CNPJ-258","Indústria",213804.77,88.1,60,0
"CTR-50106","CNPJ-198","Comércio",67477.09,99.9,90,0
"CTR-50107","CNPJ-169","Serviços",107621.32,74,90,0
"CTR-50108","CNPJ-190","Serviços",90365.59,79.6,60,0
"CTR-50109","CNPJ-230","Serviços",305606.89,91.9,120,0
"CTR-50110","CNPJ-165","Tecnologia",42300.87,86.3,30,0
"CTR-50111","CNPJ-193","Indústria",334123.77,92.9,60,0
"CTR-50112","CNPJ-142","Serviços",431891,90.9,90,0
"CTR-50113","CNPJ-239","Indústria",107630.73,73.9,30,1
"CTR-50114","CNPJ-139","Indústria",64016.87,66.3,30,0
"CTR-50115","CNPJ-116","Indústria",357362.24,100,90,0
"CTR-50116","CNPJ-172","Comércio",301867.05,78.3,60,0
"CTR-50117","CNPJ-106","Indústria",80858.78,96,120,0
"CTR-50118","CNPJ-122","Comércio",113281.56,74.6,60,0
"CTR-50119","CNPJ-261","Serviços",150375.85,84.4,90,0
"CTR-50120","CNPJ-176","Comércio",56647.97,100,30,0
"CTR-50121","CNPJ-286","Indústria",47111.96,80.6,30,0
"CTR-50122","CNPJ-191","Serviços",124816.47,87.5,30,0
"CTR-50123","CNPJ-146","Indústria",128254.11,81.7,30,0
"CTR-50124","CNPJ-261","Comércio",8152.55,88.1,30,0
"CTR-50125","CNPJ-236","Comércio",71700.28,59.1,60,0
"CTR-50126","CNPJ-295","Indústria",NA,71.6,60,0
"CTR-50127","CNPJ-109","Indústria",107216.08,68,30,0
"CTR-50128","CNPJ-289","Indústria",48916.75,73.9,60,0
"CTR-50129","CNPJ-282","Serviços",44942.16,84.6,120,0
"CTR-50130","CNPJ-185","Comércio",81745.26,79.8,60,0
"CTR-50131","CNPJ-134","Comércio",56484.05,96.6,30,0
"CTR-50132","CNPJ-101","Comércio",116443.4,93.3,60,0
"CTR-50133","CNPJ-197","Indústria",64900.43,77.4,60,0
"CTR-50134","CNPJ-231","Comércio",41807.91,95,30,0
"CTR-50135","CNPJ-134","Comércio",31205.77,74.6,30,0
"CTR-50136","CNPJ-274","Serviços",93652.85,98.8,30,0
"CTR-50137","CNPJ-126","Serviços",86432.16,63.7,30,0
"CTR-50138","CNPJ-125","Serviços",100027.33,92.8,30,0
"CTR-50139","CNPJ-137","Serviços",224780.92,78,60,0
"CTR-50140","CNPJ-132","Tecnologia",37517.02,81.4,30,0
"CTR-50141","CNPJ-133","Serviços",172299.4,85.3,90,0
"CTR-50142","CNPJ-266","Comércio",NA,75.5,30,0
"CTR-50143","CNPJ-178","Comércio",206573,83.9,30,1
"CTR-50144","CNPJ-124","Comércio",58191.05,100,30,0
"CTR-50145","CNPJ-155","Tecnologia",157920.46,63.4,90,0
"CTR-50146","CNPJ-165","Tecnologia",116808.64,97.9,30,0
"CTR-50147","CNPJ-152","Indústria",359035.58,100,60,0
"CTR-50148","CNPJ-255","Comércio",163252.05,72,30,0
"CTR-50149","CNPJ-286","Indústria",90459.87,88.3,60,0
"CTR-50150","CNPJ-179","Serviços",243240.41,85.8,60,0
"CTR-50151","CNPJ-251","Serviços",339029.39,87.6,30,0
"CTR-50152","CNPJ-157","Serviços",232243.91,83.4,30,0
"CTR-50153","CNPJ-112","Indústria",NA,75.2,90,0
"CTR-50154","CNPJ-300","Comércio",67288.86,73.6,30,0
"CTR-50155","CNPJ-156","Serviços",94995.53,94.8,60,0
"CTR-50156","CNPJ-228","Serviços",39771.11,82.8,60,0
"CTR-50157","CNPJ-166","Serviços",99058.46,84.8,30,0
"CTR-50158","CNPJ-241","Comércio",233928.14,68,90,0
"CTR-50159","CNPJ-144","Indústria",90810.45,64.3,90,0
"CTR-50160","CNPJ-155","Serviços",58926.33,100,30,0
"CTR-50161","CNPJ-243","Comércio",241533.69,90,30,0
"CTR-50162","CNPJ-128","Indústria",155381.96,87.3,60,0
"CTR-50163","CNPJ-234","Indústria",170730.01,70.7,30,0
"CTR-50164","CNPJ-257","Serviços",98435.43,89.6,30,0
"CTR-50165","CNPJ-262","Comércio",399915.3,66.3,30,0
"CTR-50166","CNPJ-277","Serviços",73143.2,97.2,60,0
"CTR-50167","CNPJ-170","Comércio",281789.3,71.8,60,0
"CTR-50168","CNPJ-191","Tecnologia",NA,82.4,60,0
"CTR-50169","CNPJ-242","Indústria",134503.89,100,60,0
"CTR-50170","CNPJ-224","Serviços",231554.15,74,30,0
"CTR-50171","CNPJ-223","Comércio",105516.57,89.3,60,0
"CTR-50172","CNPJ-226","Tecnologia",386870.14,70.1,90,1
"CTR-50173","CNPJ-297","Indústria",22916.9,100,90,0
"CTR-50174","CNPJ-214","Serviços",NA,82.2,30,0
"CTR-50175","CNPJ-127","Comércio",132001.49,75.6,30,0
"CTR-50176","CNPJ-259","Comércio",69326.75,77.7,30,0
"CTR-50177","CNPJ-189","Comércio",23016.42,94.3,30,0
"CTR-50178","CNPJ-140","Serviços",112538.11,76.1,30,0
"CTR-50179","CNPJ-172","Comércio",153215.8,86.7,30,0
"CTR-50180","CNPJ-178","Serviços",49552.91,87.4,30,0
"CTR-50181","CNPJ-199","Serviços",223526.96,100,90,0
"CTR-50182","CNPJ-290","Serviços",177604.25,78.2,30,0
"CTR-50183","CNPJ-279","Indústria",705528.06,82.8,60,0
"CTR-50184","CNPJ-156","Serviços",107685.82,80.5,30,0
"CTR-50185","CNPJ-105","Tecnologia",92302.29,78.9,30,0
"CTR-50186","CNPJ-161","Serviços",69352.05,82.3,120,0
"CTR-50187","CNPJ-182","Indústria",94800.49,61.9,30,0
"CTR-50188","CNPJ-256","Comércio",249234.36,72.1,30,0
"CTR-50189","CNPJ-109","Tecnologia",88400.89,88.9,90,0
"CTR-50190","CNPJ-228","Indústria",63373.71,63.7,30,0
"CTR-50191","CNPJ-230","Tecnologia",127052.05,66.8,30,0
"CTR-50192","CNPJ-232","Serviços",NA,99.2,60,0
"CTR-50193","CNPJ-255","Indústria",92688.47,83.5,60,0
"CTR-50194","CNPJ-298","Serviços",48192.11,100,30,0
"CTR-50195","CNPJ-257","Serviços",87057.88,74.1,30,0
"CTR-50196","CNPJ-120","Tecnologia",65758.72,76.6,60,0
"CTR-50197","CNPJ-214","Serviços",41229.44,88.3,90,0
"CTR-50198","CNPJ-222","Comércio",116936.57,86.2,120,0
"CTR-50199","CNPJ-175","Comércio",384817.69,100,30,0
"CTR-50200","CNPJ-168","Serviços",145691.39,88.8,60,0
"CTR-50201","CNPJ-174","Tecnologia",281519.49,74.6,60,0
"CTR-50202","CNPJ-262","Indústria",38173.65,73.7,90,0
"CTR-50203","CNPJ-143","Tecnologia",102963.81,93.1,90,0
"CTR-50204","CNPJ-283","Indústria",210987.56,80.3,120,0
"CTR-50205","CNPJ-270","Comércio",67981.78,100,30,0
"CTR-50206","CNPJ-275","Indústria",89433.69,78.9,90,0
"CTR-50207","CNPJ-287","Comércio",139341.48,92.3,90,0
"CTR-50208","CNPJ-168","Indústria",27675.86,88.9,30,0
"CTR-50209","CNPJ-193","Serviços",NA,82.4,30,0
"CTR-50210","CNPJ-179","Comércio",89517.85,86.4,30,0
"CTR-50211","CNPJ-140","Comércio",30640.32,75.8,60,0
"CTR-50212","CNPJ-282","Serviços",98442.62,86.9,120,0
"CTR-50213","CNPJ-175","Comércio",340231.28,94.8,30,0
"CTR-50214","CNPJ-164","Comércio",209191.61,94.2,30,0
"CTR-50215","CNPJ-130","Indústria",169771.6,81,30,0
"CTR-50216","CNPJ-200","Serviços",317427.55,100,90,0
"CTR-50217","CNPJ-109","Serviços",72844.18,80,90,1
"CTR-50218","CNPJ-246","Serviços",75171.47,100,30,1
"CTR-50219","CNPJ-142","Tecnologia",95113.95,94.9,60,0
"CTR-50220","CNPJ-160","Indústria",181513.54,100,60,0
"CTR-50221","CNPJ-107","Serviços",340392.36,93.4,60,0
"CTR-50222","CNPJ-240","Comércio",81544.68,73.1,120,0
"CTR-50223","CNPJ-298","Indústria",1847140.21,79.8,30,0
"CTR-50224","CNPJ-122","Serviços",649091.44,88.4,60,0
"CTR-50225","CNPJ-145","Comércio",67308.19,91.4,60,0
"CTR-50226","CNPJ-196","Serviços",73289.8,77.4,30,0
"CTR-50227","CNPJ-191","Serviços",103134.67,84.2,60,0
"CTR-50228","CNPJ-146","Tecnologia",72887.83,70.7,90,0
"CTR-50229","CNPJ-133","Serviços",47827.93,84.3,90,0
"CTR-50230","CNPJ-290","Indústria",356716.02,100,30,0
"CTR-50231","CNPJ-212","Indústria",132771.06,83.3,30,0
"CTR-50232","CNPJ-283","Comércio",149395.05,90.2,30,0
"CTR-50233","CNPJ-162","Serviços",34255.93,88.3,30,0
"CTR-50234","CNPJ-108","Indústria",33072.47,71.1,120,0
"CTR-50235","CNPJ-197","Indústria",129087.51,86.6,60,0
"CTR-50236","CNPJ-180","Indústria",198619.36,78.6,30,0
"CTR-50237","CNPJ-120","Comércio",250001.02,83.4,30,0
"CTR-50238","CNPJ-253","Comércio",80250.48,79,60,0
"CTR-50239","CNPJ-218","Indústria",96053.96,100,90,0
"CTR-50240","CNPJ-165","Serviços",NA,100,90,0
"CTR-50241","CNPJ-151","Comércio",36079.06,88.1,60,0
"CTR-50242","CNPJ-249","Indústria",39130.92,93,60,0
"CTR-50243","CNPJ-197","Tecnologia",92637.07,74.8,30,0
"CTR-50244","CNPJ-221","Comércio",245857.19,83.4,90,0
"CTR-50245","CNPJ-194","Serviços",318750.83,86,30,0
"CTR-50246","CNPJ-210","Serviços",NA,90.1,60,0
"CTR-50247","CNPJ-223","Serviços",312809.52,65.1,60,0
"CTR-50248","CNPJ-176","Comércio",111182.67,94.5,60,0
"CTR-50249","CNPJ-292","Serviços",16696.56,63.8,120,1
"CTR-50250","CNPJ-103","Comércio",314430.77,89.9,30,0
"CTR-50251","CNPJ-127","Serviços",79568.67,83.1,30,0
"CTR-50252","CNPJ-216","Comércio",66769.54,73.1,90,0
"CTR-50253","CNPJ-113","Comércio",28899.6,79.8,60,0
"CTR-50254","CNPJ-136","Serviços",185609.53,79.2,30,0
"CTR-50255","CNPJ-128","Indústria",245311.01,99.4,30,0
"CTR-50256","CNPJ-138","Serviços",NA,97.9,30,0
"CTR-50257","CNPJ-204","Tecnologia",106972.48,100,90,0
"CTR-50258","CNPJ-267","Comércio",717776.06,80.5,90,0
"CTR-50259","CNPJ-115","Comércio",15478.47,89,120,0
"CTR-50260","CNPJ-163","Indústria",12347.72,72.9,30,0
"CTR-50261","CNPJ-219","Indústria",103304.23,100,90,0
"CTR-50262","CNPJ-113","Comércio",79688.29,80,30,0
"CTR-50263","CNPJ-122","Indústria",80858.96,100,90,0
"CTR-50264","CNPJ-155","Serviços",103868.51,79,30,0
"CTR-50265","CNPJ-179","Comércio",161783.36,85.3,90,0
"CTR-50266","CNPJ-262","Tecnologia",34451.47,89.5,30,0
"CTR-50267","CNPJ-158","Comércio",339446.94,84.9,30,0
"CTR-50268","CNPJ-216","Comércio",190837.15,84.9,60,0
"CTR-50269","CNPJ-182","Serviços",38805.99,83.8,30,0
"CTR-50270","CNPJ-158","Serviços",29016.45,81.8,90,0
"CTR-50271","CNPJ-137","Serviços",94205.81,66.6,120,1
"CTR-50272","CNPJ-165","Serviços",53631.72,76.3,30,0
"CTR-50273","CNPJ-268","Indústria",52585.41,93.6,30,0
"CTR-50274","CNPJ-269","Comércio",32064.8,71.3,90,0
"CTR-50275","CNPJ-287","Serviços",169224.56,100,30,0
"CTR-50276","CNPJ-204","Comércio",61992.6,83,30,0
"CTR-50277","CNPJ-110","Serviços",87550.98,69.6,60,0
"CTR-50278","CNPJ-172","Serviços",32557.77,83.5,90,0
"CTR-50279","CNPJ-171","Indústria",163750.07,70.6,120,0
"CTR-50280","CNPJ-205","Comércio",68027.15,100,90,0
"CTR-50281","CNPJ-228","Serviços",64199.3,92.9,120,0
"CTR-50282","CNPJ-203","Serviços",53983.26,86.3,30,0
"CTR-50283","CNPJ-155","Comércio",77169.76,100,120,0
"CTR-50284","CNPJ-103","Serviços",22577.45,76.3,90,0
"CTR-50285","CNPJ-153","Comércio",130390.53,89.7,60,0
"CTR-50286","CNPJ-140","Comércio",329062.63,82.5,60,0
"CTR-50287","CNPJ-190","Comércio",32912.91,84,30,0
"CTR-50288","CNPJ-110","Serviços",102701.92,85.7,90,0
"CTR-50289","CNPJ-165","Tecnologia",157541.83,90.4,60,0
"CTR-50290","CNPJ-143","Tecnologia",NA,85.5,90,0
"CTR-50291","CNPJ-268","Indústria",60542.12,99,30,0
"CTR-50292","CNPJ-202","Serviços",380226.38,85.4,90,0
"CTR-50293","CNPJ-272","Comércio",63583.83,76.3,60,0
"CTR-50294","CNPJ-270","Serviços",159484.69,96.2,30,0
"CTR-50295","CNPJ-175","Indústria",123112.88,74.3,90,0
"CTR-50296","CNPJ-168","Comércio",52750.39,100,60,0
"CTR-50297","CNPJ-254","Comércio",135029.97,84.8,30,0
"CTR-50298","CNPJ-117","Tecnologia",238964.39,74.8,60,0
"CTR-50299","CNPJ-113","Serviços",170707.31,100,60,0
"CTR-50300","CNPJ-173","Serviços",49484.96,80.1,30,0
"CTR-50301","CNPJ-293","Comércio",73001.97,90.3,30,0
"CTR-50302","CNPJ-135","Tecnologia",39289.44,100,30,0
"CTR-50303","CNPJ-198","Comércio",85598.88,61.1,60,0
"CTR-50304","CNPJ-242","Comércio",52770.72,93.5,60,0
"CTR-50305","CNPJ-144","Indústria",151801.81,84,30,0
"CTR-50306","CNPJ-145","Comércio",50717.03,66.7,30,0
"CTR-50307","CNPJ-208","Comércio",107387.99,82.9,90,0
"CTR-50308","CNPJ-205","Serviços",84401.35,56.3,30,0
"CTR-50309","CNPJ-287","Indústria",47879.01,81.8,30,0
"CTR-50310","CNPJ-294","Comércio",47585.74,93.1,60,0
"CTR-50311","CNPJ-127","Serviços",262282.88,63.9,60,0
"CTR-50312","CNPJ-138","Serviços",142007.48,80.4,30,0
"CTR-50313","CNPJ-124","Indústria",34705.41,59.5,30,0
"CTR-50314","CNPJ-296","Indústria",75369.54,81.1,30,0
"CTR-50315","CNPJ-112","Comércio",42938.72,80.7,30,0
"CTR-50316","CNPJ-195","Serviços",37549.49,74.4,60,0
"CTR-50317","CNPJ-288","Tecnologia",36921.44,77.2,30,0
"CTR-50318","CNPJ-204","Serviços",338255.04,88.4,90,0
"CTR-50319","CNPJ-248","Serviços",143677.85,87.2,30,0
"CTR-50320","CNPJ-235","Comércio",34155.95,78.4,90,0
"CTR-50321","CNPJ-161","Comércio",208752.27,94.9,30,0
"CTR-50322","CNPJ-266","Comércio",68554.2,89.7,120,1
"CTR-50323","CNPJ-187","Serviços",402402.35,71.5,30,0
"CTR-50324","CNPJ-214","Indústria",135325.24,80.3,60,0
"CTR-50325","CNPJ-116","Serviços",246133.89,78.1,30,0
"CTR-50326","CNPJ-297","Serviços",121177.07,93.1,30,0
"CTR-50327","CNPJ-160","Serviços",72893.81,89.8,30,0
"CTR-50328","CNPJ-259","Tecnologia",78185.91,77.5,90,0
"CTR-50329","CNPJ-297","Comércio",256786.43,68.7,60,0
"CTR-50330","CNPJ-197","Serviços",25584.3,88.2,60,0
"CTR-50331","CNPJ-118","Serviços",41464.93,76.1,60,0
"CTR-50332","CNPJ-269","Indústria",44141.57,83.8,60,0
"CTR-50333","CNPJ-276","Comércio",74495.07,85.3,30,0
"CTR-50334","CNPJ-103","Comércio",235735.42,94.7,120,0
"CTR-50335","CNPJ-145","Comércio",306008.62,91.9,30,0
"CTR-50336","CNPJ-256","Comércio",66883.78,95.4,60,0
"CTR-50337","CNPJ-124","Serviços",125287.55,82.2,30,0
"CTR-50338","CNPJ-157","Serviços",57307.8,93.5,30,0
"CTR-50339","CNPJ-248","Comércio",232220.9,75.9,30,0
"CTR-50340","CNPJ-101","Serviços",189952.76,67.7,90,0
"CTR-50341","CNPJ-237","Tecnologia",373565.56,92.3,60,0
"CTR-50342","CNPJ-150","Comércio",31910.25,89.9,60,0
"CTR-50343","CNPJ-172","Comércio",29823.84,76.1,60,0
"CTR-50344","CNPJ-100","Tecnologia",101934.48,80.4,30,0
"CTR-50345","CNPJ-109","Comércio",82926.75,100,60,0
"CTR-50346","CNPJ-180","Serviços",155314.69,91,60,0
"CTR-50347","CNPJ-162","Comércio",110092.83,100,60,0
"CTR-50348","CNPJ-221","Tecnologia",50454.56,62.2,90,0
"CTR-50349","CNPJ-228","Comércio",NA,88.4,90,0
"CTR-50350","CNPJ-115","Indústria",47901.94,88.9,120,0
"CTR-50351","CNPJ-225","Serviços",120862.66,74.4,60,1
"CTR-50352","CNPJ-112","Serviços",134987.86,81,60,0
"CTR-50353","CNPJ-217","Serviços",54136.45,65.6,30,0
"CTR-50354","CNPJ-114","Serviços",NA,96.5,60,0
"CTR-50355","CNPJ-180","Comércio",167695.5,100,30,0
"CTR-50356","CNPJ-251","Indústria",234051.34,90.8,30,0
"CTR-50357","CNPJ-195","Serviços",189104.22,97.9,90,0
"CTR-50358","CNPJ-117","Comércio",23489.17,83.2,60,0
"CTR-50359","CNPJ-261","Serviços",209897.29,71.3,90,0
"CTR-50360","CNPJ-266","Serviços",138518.51,81,90,0
"CTR-50361","CNPJ-269","Serviços",9516.79,63.9,120,0
"CTR-50362","CNPJ-238","Serviços",89960.12,100,60,0
"CTR-50363","CNPJ-120","Comércio",155058.42,100,30,0
"CTR-50364","CNPJ-169","Indústria",224495.69,85.9,30,0
"CTR-50365","CNPJ-292","Indústria",103991.95,93.2,60,0
"CTR-50366","CNPJ-124","Serviços",110718.78,87.7,90,0
"CTR-50367","CNPJ-269","Comércio",201309.2,94.1,60,0
"CTR-50368","CNPJ-152","Indústria",51678.58,79.6,60,0
"CTR-50369","CNPJ-251","Indústria",47476.1,77.1,30,0
"CTR-50370","CNPJ-224","Comércio",204685.86,88.1,30,0
"CTR-50371","CNPJ-184","Comércio",142759.42,75.9,60,0
"CTR-50372","CNPJ-265","Serviços",79524.59,69,90,0
"CTR-50373","CNPJ-155","Comércio",17338.93,90.2,120,0
"CTR-50374","CNPJ-291","Indústria",110349.29,76.2,120,0
"CTR-50375","CNPJ-114","Serviços",399939.9,100,90,0
"CTR-50376","CNPJ-139","Comércio",92053.54,73.5,60,0
"CTR-50377","CNPJ-119","Indústria",81786.08,84.5,90,0
"CTR-50378","CNPJ-179","Serviços",144081.57,91.7,90,0
"CTR-50379","CNPJ-177","Serviços",79295.05,82.1,30,0
"CTR-50380","CNPJ-174","Comércio",116318.56,73.8,90,0
"CTR-50381","CNPJ-174","Indústria",126503.47,76.4,90,0
"CTR-50382","CNPJ-227","Comércio",46972.95,64,90,0
"CTR-50383","CNPJ-191","Serviços",85889.53,100,60,0
"CTR-50384","CNPJ-133","Comércio",142216.22,95.7,60,0
"CTR-50385","CNPJ-279","Comércio",NA,84.5,30,0
"CTR-50386","CNPJ-142","Comércio",322189.58,92.1,60,0
"CTR-50387","CNPJ-204","Serviços",278003.95,85.6,60,0
"CTR-50388","CNPJ-174","Indústria",78575.92,72,30,0
"CTR-50389","CNPJ-229","Tecnologia",NA,80.8,30,0
"CTR-50390","CNPJ-128","Tecnologia",122138.78,93.8,30,0
"CTR-50391","CNPJ-248","Comércio",245375.5,80.2,90,0
"CTR-50392","CNPJ-286","Serviços",241500.3,75.2,60,0
"CTR-50393","CNPJ-144","Comércio",37972.11,87.5,90,0
"CTR-50394","CNPJ-135","Tecnologia",149486.74,83.3,60,0
"CTR-50395","CNPJ-189","Comércio",29795.59,85.7,60,0
"CTR-50396","CNPJ-166","Comércio",89821.59,92,30,0
"CTR-50397","CNPJ-140","Indústria",317241.01,100,60,0
"CTR-50398","CNPJ-240","Tecnologia",107497.87,67.6,60,0
"CTR-50399","CNPJ-118","Serviços",158744.96,92.2,120,0
"CTR-50400","CNPJ-175","Comércio",191153.6,78.5,90,0
"CTR-50401","CNPJ-269","Serviços",776842.43,88.3,30,0
"CTR-50402","CNPJ-117","Comércio",49668.83,87.8,30,0
"CTR-50403","CNPJ-280","Indústria",NA,82.1,60,0
"CTR-50404","CNPJ-255","Comércio",41169.14,96.4,30,0
"CTR-50405","CNPJ-259","Serviços",263571.84,75.5,30,0
"CTR-50406","CNPJ-231","Tecnologia",111397.79,68.3,90,0
"CTR-50407","CNPJ-237","Comércio",54186.53,93,60,0
"CTR-50408","CNPJ-205","Indústria",123910.26,67.7,90,0
"CTR-50409","CNPJ-254","Comércio",130188.86,63.6,30,0
"CTR-50410","CNPJ-112","Comércio",135681.12,64.1,60,1
"CTR-50411","CNPJ-289","Comércio",89984.7,74.1,30,0
"CTR-50412","CNPJ-190","Indústria",35156.71,63.6,90,0
"CTR-50413","CNPJ-121","Comércio",62692.99,88.1,60,0
"CTR-50414","CNPJ-180","Comércio",35050.94,93,30,0
"CTR-50415","CNPJ-174","Indústria",NA,80.6,30,0
"CTR-50416","CNPJ-264","Comércio",33157.23,87.9,30,0
"CTR-50417","CNPJ-200","Tecnologia",123738.22,91.7,60,0
"CTR-50418","CNPJ-242","Comércio",408911.27,76.5,60,0
"CTR-50419","CNPJ-211","Serviços",28078.57,84.2,90,0
"CTR-50420","CNPJ-281","Indústria",32330.64,65.1,30,0
"CTR-50421","CNPJ-197","Serviços",110318.33,95.1,30,0
"CTR-50422","CNPJ-161","Serviços",595206.56,98.4,90,1
"CTR-50423","CNPJ-268","Tecnologia",70578.25,93.5,60,0
"CTR-50424","CNPJ-146","Indústria",75910.6,83.1,30,0
"CTR-50425","CNPJ-255","Indústria",111310.27,100,30,0
"CTR-50426","CNPJ-204","Comércio",121706.8,87.6,90,0
"CTR-50427","CNPJ-256","Comércio",44749.9,100,30,0
"CTR-50428","CNPJ-184","Comércio",166348.78,100,30,0
"CTR-50429","CNPJ-160","Tecnologia",49671.34,75.2,60,0
"CTR-50430","CNPJ-225","Serviços",115754.84,79.3,30,0
"CTR-50431","CNPJ-179","Comércio",72749.98,85.9,90,0
"CTR-50432","CNPJ-169","Comércio",230433.39,90.4,30,0
"CTR-50433","CNPJ-275","Serviços",63505.8,100,60,0
"CTR-50434","CNPJ-174","Serviços",83691.47,70.2,60,0
"CTR-50435","CNPJ-239","Tecnologia",NA,92.2,60,0
"CTR-50436","CNPJ-106","Serviços",126141.59,52.7,60,0
"CTR-50437","CNPJ-292","Comércio",239518.82,98.4,120,0
"CTR-50438","CNPJ-157","Comércio",165726.71,68.2,120,0
"CTR-50439","CNPJ-199","Indústria",105327.06,71.9,60,0
"CTR-50440","CNPJ-243","Comércio",72186.97,67.3,30,0
"CTR-50441","CNPJ-187","Serviços",128139.15,76.5,60,0
"CTR-50442","CNPJ-134","Comércio",55831.16,73.7,120,1
"CTR-50443","CNPJ-114","Indústria",51759.61,92.1,30,1
"CTR-50444","CNPJ-191","Serviços",47945.32,87.9,90,0
"CTR-50445","CNPJ-204","Serviços",89794.99,90.5,30,0
"CTR-50446","CNPJ-199","Comércio",205921.81,89.2,90,0
"CTR-50447","CNPJ-262","Indústria",60049.79,69.7,30,0
"CTR-50448","CNPJ-209","Comércio",111937.71,93.5,120,0
"CTR-50449","CNPJ-257","Comércio",388159.61,89.9,90,0
"CTR-50450","CNPJ-135","Serviços",130608.08,94.1,30,0
"CTR-50451","CNPJ-157","Comércio",116808.99,82.5,60,0
"CTR-50452","CNPJ-275","Serviços",169490.95,97.4,60,0
"CTR-50453","CNPJ-207","Comércio",198005.17,83.3,90,0
"CTR-50454","CNPJ-243","Comércio",98915.29,90.8,120,0
"CTR-50455","CNPJ-156","Serviços",113438.38,81,30,0
"CTR-50456","CNPJ-169","Comércio",65355.55,100,30,0
"CTR-50457","CNPJ-135","Indústria",71302.08,75.9,60,0
"CTR-50458","CNPJ-148","Indústria",682023.92,91.4,30,0
"CTR-50459","CNPJ-195","Serviços",162003.73,74.5,60,0
"CTR-50460","CNPJ-168","Comércio",40996.41,60.8,90,0
"CTR-50461","CNPJ-116","Indústria",109538.3,81.2,60,0
"CTR-50462","CNPJ-286","Comércio",118162.3,98.8,30,0
"CTR-50463","CNPJ-237","Comércio",120657.23,83.2,90,0
"CTR-50464","CNPJ-247","Comércio",1226566.77,84.7,60,0
"CTR-50465","CNPJ-258","Serviços",130356.92,80.8,90,0
"CTR-50466","CNPJ-136","Indústria",243380.25,81.4,60,0
"CTR-50467","CNPJ-263","Indústria",21082.52,84.5,60,0
"CTR-50468","CNPJ-164","Comércio",182191.32,68,30,0
"CTR-50469","CNPJ-280","Comércio",234583.08,95.6,30,0
"CTR-50470","CNPJ-256","Comércio",60549.02,81.9,60,0
"CTR-50471","CNPJ-277","Comércio",1061381.26,57.4,30,0
"CTR-50472","CNPJ-221","Serviços",245455.7,92.1,60,0
"CTR-50473","CNPJ-245","Indústria",70157.36,98.1,60,0
"CTR-50474","CNPJ-271","Tecnologia",104731.17,84.5,90,0
"CTR-50475","CNPJ-163","Comércio",68011.01,97.5,90,0
"CTR-50476","CNPJ-221","Serviços",48852.55,82.7,30,0
"CTR-50477","CNPJ-238","Comércio",236193.73,89,90,0
"CTR-50478","CNPJ-162","Serviços",53415.7,78.8,60,0
"CTR-50479","CNPJ-296","Serviços",41884.54,81.3,90,0
"CTR-50480","CNPJ-155","Comércio",198214.09,84,60,0
"CTR-50481","CNPJ-109","Comércio",333818.99,73.4,30,0
"CTR-50482","CNPJ-260","Comércio",88678.5,69.8,90,0
"CTR-50483","CNPJ-213","Comércio",34262.4,65.8,30,0
"CTR-50484","CNPJ-212","Tecnologia",169512.41,75.3,30,0
"CTR-50485","CNPJ-172","Comércio",59832.74,73,60,0
"CTR-50486","CNPJ-173","Comércio",74118.18,80.7,30,0
"CTR-50487","CNPJ-184","Comércio",2145503.92,86.1,30,0
"CTR-50488","CNPJ-117","Indústria",209869.8,88,30,0
"CTR-50489","CNPJ-115","Serviços",297113.59,87.3,60,0
"CTR-50490","CNPJ-157","Comércio",27941.8,85.2,60,0
"CTR-50491","CNPJ-273","Serviços",39567.6,98.7,90,0
"CTR-50492","CNPJ-206","Tecnologia",NA,82.8,60,0
"CTR-50493","CNPJ-300","Serviços",335688.38,86.3,60,0
"CTR-50494","CNPJ-124","Comércio",166422.13,69.9,120,0
"CTR-50495","CNPJ-118","Comércio",107757.56,100,30,0
"CTR-50496","CNPJ-199","Tecnologia",NA,81.7,90,0
"CTR-50497","CNPJ-186","Indústria",114022.65,84.2,60,0
"CTR-50498","CNPJ-200","Comércio",61148.98,97.7,30,0
"CTR-50499","CNPJ-203","Tecnologia",NA,83.8,90,0
"CTR-50500","CNPJ-152","Comércio",17377.81,61.6,60,0
"CTR-50501","CNPJ-164","Comércio",38044.68,57.2,60,0
"CTR-50502","CNPJ-279","Serviços",26334.09,85.8,30,0
"CTR-50503","CNPJ-271","Comércio",80471.84,66.2,30,0
"CTR-50504","CNPJ-165","Comércio",NA,94.8,90,0
"CTR-50505","CNPJ-145","Indústria",57958.63,81,30,0
"CTR-50506","CNPJ-198","Comércio",18559.41,81.6,60,0
"CTR-50507","CNPJ-283","Serviços",73269.32,72.3,90,0
"CTR-50508","CNPJ-223","Serviços",33818.65,100,60,0
"CTR-50509","CNPJ-227","Serviços",211678.9,86.9,60,0
"CTR-50510","CNPJ-146","Comércio",389533.94,84.4,60,0
"CTR-50511","CNPJ-266","Tecnologia",43882,100,90,0
"CTR-50512","CNPJ-197","Comércio",187195.44,77.4,30,0
"CTR-50513","CNPJ-244","Comércio",611338.67,81.5,90,0
"CTR-50514","CNPJ-253","Indústria",251954.31,71.4,60,0
"CTR-50515","CNPJ-165","Tecnologia",73026.48,89.9,60,0
"CTR-50516","CNPJ-219","Comércio",233384.41,82.4,90,0
"CTR-50517","CNPJ-259","Comércio",132255.69,77.3,30,0
"CTR-50518","CNPJ-240","Comércio",90573.26,74.7,90,0
"CTR-50519","CNPJ-205","Tecnologia",77787.47,100,120,0
"CTR-50520","CNPJ-171","Serviços",197565.91,93.1,30,0
"CTR-50521","CNPJ-264","Serviços",58690.08,83.8,120,0
"CTR-50522","CNPJ-295","Comércio",162842.45,90.6,30,0
"CTR-50523","CNPJ-188","Indústria",108884.47,95.5,30,0
"CTR-50524","CNPJ-289","Comércio",169600.93,75.8,60,1
"CTR-50525","CNPJ-226","Serviços",203678.54,86.6,60,0
"CTR-50526","CNPJ-218","Tecnologia",33569.29,84.6,30,0
"CTR-50527","CNPJ-271","Comércio",81210.03,100,60,0
"CTR-50528","CNPJ-156","Indústria",37462.31,93.8,30,0
"CTR-50529","CNPJ-185","Serviços",79157.24,77.8,120,0
"CTR-50530","CNPJ-208","Indústria",337832.76,100,30,0
"CTR-50531","CNPJ-117","Comércio",171106.25,76.9,30,0
"CTR-50532","CNPJ-135","Serviços",78804.41,86.2,90,0
"CTR-50533","CNPJ-242","Comércio",159314.38,91.3,30,0
"CTR-50534","CNPJ-281","Indústria",68003.2,55.4,30,0
"CTR-50535","CNPJ-187","Comércio",85369.76,86,90,0
"CTR-50536","CNPJ-207","Serviços",41767.12,61.6,30,0
"CTR-50537","CNPJ-265","Serviços",89958.99,76,60,0
"CTR-50538","CNPJ-245","Comércio",80385.25,71.8,30,1
"CTR-50539","CNPJ-208","Comércio",75999.78,80.1,60,0
"CTR-50540","CNPJ-193","Comércio",206881.29,80.4,90,0
"CTR-50541","CNPJ-113","Indústria",338252.9,89.7,90,0
"CTR-50542","CNPJ-215","Serviços",331905.65,95.6,30,0
"CTR-50543","CNPJ-138","Comércio",456733.48,100,60,0
"CTR-50544","CNPJ-102","Comércio",90602.88,88.8,30,0
"CTR-50545","CNPJ-191","Serviços",221164.95,95.4,90,0
"CTR-50546","CNPJ-278","Comércio",19515,86.6,30,0
"CTR-50547","CNPJ-289","Tecnologia",32661.82,78.6,60,0
"CTR-50548","CNPJ-238","Comércio",349951.08,87.1,60,1
"CTR-50549","CNPJ-107","Comércio",686756.49,69.8,30,0
"CTR-50550","CNPJ-179","Serviços",104149.52,84.1,30,0
"CTR-50551","CNPJ-283","Serviços",154172.74,86.4,90,0
"CTR-50552","CNPJ-100","Comércio",87868.95,84.7,90,0
"CTR-50553","CNPJ-187","Comércio",122835.07,88.9,30,0
"CTR-50554","CNPJ-107","Comércio",77606.95,100,60,0
"CTR-50555","CNPJ-159","Indústria",198560.94,76.6,60,0
"CTR-50556","CNPJ-227","Comércio",114712.75,80.4,30,0
"CTR-50557","CNPJ-168","Indústria",11275.99,100,30,0
"CTR-50558","CNPJ-233","Comércio",164325.81,96.8,30,0
"CTR-50559","CNPJ-134","Indústria",42228.4,90.1,30,0
"CTR-50560","CNPJ-196","Tecnologia",232155.43,92.4,90,0
"CTR-50561","CNPJ-248","Comércio",95296.57,86.9,30,0
"CTR-50562","CNPJ-114","Comércio",113791.73,85.2,60,0
"CTR-50563","CNPJ-279","Comércio",365945.41,93.6,90,0
"CTR-50564","CNPJ-105","Comércio",71816.8,63.2,30,0
"CTR-50565","CNPJ-164","Serviços",65858.41,86.2,90,0
"CTR-50566","CNPJ-233","Comércio",NA,83.1,30,0
"CTR-50567","CNPJ-200","Comércio",260116.66,66.2,30,0
"CTR-50568","CNPJ-228","Comércio",330447.6,88.1,90,0
"CTR-50569","CNPJ-246","Comércio",40399.06,98.6,60,0
"CTR-50570","CNPJ-290","Comércio",58158.84,96,60,0
"CTR-50571","CNPJ-120","Comércio",14052.27,95.9,30,0
"CTR-50572","CNPJ-250","Comércio",356060.13,75.8,30,0
"CTR-50573","CNPJ-268","Comércio",57647.3,100,60,0
"CTR-50574","CNPJ-287","Serviços",141629.57,76.1,120,0
"CTR-50575","CNPJ-185","Comércio",89778.38,81.4,30,0
"CTR-50576","CNPJ-247","Comércio",214987.97,67.9,60,0
"CTR-50577","CNPJ-295","Comércio",28309.57,79.4,30,0
"CTR-50578","CNPJ-228","Indústria",124099.89,91.7,60,0
"CTR-50579","CNPJ-226","Comércio",81294.32,100,30,0
"CTR-50580","CNPJ-163","Serviços",90634.05,84.7,60,0
"CTR-50581","CNPJ-159","Comércio",50546.27,74.4,120,0
"CTR-50582","CNPJ-213","Comércio",183926.07,84.8,60,0
"CTR-50583","CNPJ-268","Serviços",111585.63,87.7,30,0
"CTR-50584","CNPJ-135","Indústria",171282.59,83,60,0
"CTR-50585","CNPJ-233","Serviços",71418.48,97.1,30,0
"CTR-50586","CNPJ-255","Comércio",319289.03,85.2,30,0
"CTR-50587","CNPJ-260","Tecnologia",57506.09,83.9,60,0
"CTR-50588","CNPJ-211","Comércio",NA,78.6,30,0
"CTR-50589","CNPJ-269","Serviços",175666.01,83.9,60,0
"CTR-50590","CNPJ-218","Serviços",20807.04,96,60,0
"CTR-50591","CNPJ-126","Serviços",103865.41,79.4,30,0
"CTR-50592","CNPJ-221","Comércio",198364.78,87.1,30,0
"CTR-50593","CNPJ-112","Serviços",52059.31,61.9,120,0
"CTR-50594","CNPJ-190","Indústria",20315.72,76.3,90,0
"CTR-50595","CNPJ-258","Comércio",343155.22,82.5,30,0
"CTR-50596","CNPJ-248","Indústria",186687.66,90.1,120,0
"CTR-50597","CNPJ-283","Indústria",93002.12,81.2,60,0
"CTR-50598","CNPJ-207","Tecnologia",47659.11,79.4,90,0
"CTR-50599","CNPJ-217","Comércio",84821.82,84.2,90,0
"CTR-50600","CNPJ-167","Serviços",170031.83,77.8,90,0
"CTR-50601","CNPJ-162","Comércio",110105.07,92.7,30,0
"CTR-50602","CNPJ-171","Comércio",40299.45,60.7,30,0
"CTR-50603","CNPJ-149","Comércio",16435.17,81.2,120,1
"CTR-50604","CNPJ-266","Comércio",100740.58,100,90,0
"CTR-50605","CNPJ-257","Indústria",307394.18,81.5,60,0
"CTR-50606","CNPJ-179","Serviços",NA,100,90,0
"CTR-50607","CNPJ-143","Comércio",435849.67,98.7,30,0
"CTR-50608","CNPJ-274","Tecnologia",154047.42,76.2,30,0
"CTR-50609","CNPJ-227","Indústria",NA,91.6,30,0
"CTR-50610","CNPJ-161","Serviços",51638.65,86.2,60,0
"CTR-50611","CNPJ-145","Comércio",19001,91,60,0
"CTR-50612","CNPJ-290","Indústria",111776.62,88.8,120,0
"CTR-50613","CNPJ-219","Indústria",151680.44,69.7,60,0
"CTR-50614","CNPJ-169","Indústria",77124.74,81.2,30,0
"CTR-50615","CNPJ-115","Indústria",NA,92.3,60,0
"CTR-50616","CNPJ-108","Comércio",32528.23,84,60,0
"CTR-50617","CNPJ-236","Comércio",202375.45,85.2,90,0
"CTR-50618","CNPJ-188","Comércio",260684.64,100,30,0
"CTR-50619","CNPJ-213","Tecnologia",192075.55,87.3,30,0
"CTR-50620","CNPJ-279","Serviços",80235.36,67.2,30,0
"CTR-50621","CNPJ-266","Tecnologia",74186.19,90.8,60,0
"CTR-50622","CNPJ-175","Serviços",49138.51,96.1,60,0
"CTR-50623","CNPJ-214","Serviços",123050.12,94.8,60,0
"CTR-50624","CNPJ-287","Comércio",86364.84,78.5,30,0
"CTR-50625","CNPJ-165","Serviços",102973.56,91.1,30,0
"CTR-50626","CNPJ-184","Indústria",212295.18,89.1,30,0
"CTR-50627","CNPJ-146","Comércio",57661.4,83.4,90,1
"CTR-50628","CNPJ-110","Indústria",287450.31,100,30,0
"CTR-50629","CNPJ-199","Serviços",56990.69,84.5,30,0
"CTR-50630","CNPJ-227","Comércio",51433.51,94.1,90,0
"CTR-50631","CNPJ-211","Indústria",232929.78,75.5,120,0
"CTR-50632","CNPJ-165","Comércio",216242.89,89.5,90,0
"CTR-50633","CNPJ-257","Serviços",291657.05,71.7,60,0
"CTR-50634","CNPJ-290","Serviços",59097.01,81.7,60,0
"CTR-50635","CNPJ-292","Indústria",710890.02,60,30,1
"CTR-50636","CNPJ-175","Indústria",34644.75,78.6,30,0
"CTR-50637","CNPJ-195","Indústria",58793.8,79.4,90,0
"CTR-50638","CNPJ-286","Indústria",149534.59,69.4,30,0
"CTR-50639","CNPJ-119","Indústria",145900.92,100,30,0
"CTR-50640","CNPJ-210","Comércio",206748.59,80,120,0
"CTR-50641","CNPJ-123","Tecnologia",138360.66,73.5,90,0
"CTR-50642","CNPJ-263","Comércio",110526.16,97.8,90,0
"CTR-50643","CNPJ-259","Serviços",117664.66,86.6,60,0
"CTR-50644","CNPJ-227","Comércio",65475.71,78.4,90,0
"CTR-50645","CNPJ-216","Comércio",NA,62.7,120,0
"CTR-50646","CNPJ-152","Indústria",30089.92,95,90,0
"CTR-50647","CNPJ-154","Tecnologia",43272.93,85.1,30,0
"CTR-50648","CNPJ-246","Serviços",300793.47,85.4,60,0
"CTR-50649","CNPJ-177","Comércio",NA,100,90,0
"CTR-50650","CNPJ-159","Comércio",52989.46,92.1,90,0
"CTR-50651","CNPJ-289","Comércio",21007.05,94.5,30,0
"CTR-50652","CNPJ-125","Serviços",103794.85,87.4,60,0
"CTR-50653","CNPJ-205","Comércio",58692.56,76.8,30,0
"CTR-50654","CNPJ-300","Comércio",NA,77.7,30,0
"CTR-50655","CNPJ-245","Comércio",150458.26,84.2,120,0
"CTR-50656","CNPJ-150","Indústria",57393.83,94.9,60,0
"CTR-50657","CNPJ-181","Tecnologia",144508.1,99.1,60,0
"CTR-50658","CNPJ-283","Comércio",53842.84,90.8,60,0
"CTR-50659","CNPJ-209","Comércio",105701.83,80.7,30,0
"CTR-50660","CNPJ-145","Serviços",30566.14,84.5,30,0
"CTR-50661","CNPJ-219","Serviços",503516.65,74.2,90,0
"CTR-50662","CNPJ-174","Comércio",83979,86.8,120,0
"CTR-50663","CNPJ-119","Serviços",54662.32,94.3,60,0
"CTR-50664","CNPJ-181","Indústria",77818.09,96.8,30,0
"CTR-50665","CNPJ-290","Comércio",242378.75,93.5,60,0
"CTR-50666","CNPJ-100","Comércio",78440.27,74,30,0
"CTR-50667","CNPJ-130","Comércio",97404.78,100,30,0
"CTR-50668","CNPJ-195","Comércio",NA,76.4,60,0
"CTR-50669","CNPJ-188","Comércio",59869.74,85.3,90,0
"CTR-50670","CNPJ-105","Tecnologia",NA,79.1,90,0
"CTR-50671","CNPJ-199","Serviços",114792.21,100,60,0
"CTR-50672","CNPJ-264","Comércio",53337.29,87.8,90,0
"CTR-50673","CNPJ-293","Tecnologia",NA,98.2,60,0
"CTR-50674","CNPJ-293","Indústria",247767.57,90.4,30,0
"CTR-50675","CNPJ-240","Comércio",176510.33,90.4,30,0
"CTR-50676","CNPJ-100","Indústria",38878.48,56.4,60,0
"CTR-50677","CNPJ-269","Serviços",82191.5,83.6,90,0
"CTR-50678","CNPJ-107","Indústria",49767.52,85.1,60,0
"CTR-50679","CNPJ-258","Indústria",63439.18,89.4,120,0
"CTR-50680","CNPJ-212","Tecnologia",130605.62,72.3,30,0
"CTR-50681","CNPJ-157","Comércio",229492.5,99,60,0
"CTR-50682","CNPJ-180","Serviços",NA,80.6,60,0
"CTR-50683","CNPJ-145","Serviços",185568.41,78.2,90,0
"CTR-50684","CNPJ-226","Comércio",NA,100,30,0
"CTR-50685","CNPJ-219","Serviços",86829.79,92.2,30,0
"CTR-50686","CNPJ-284","Comércio",219491.37,61.9,30,0
"CTR-50687","CNPJ-104","Tecnologia",326793.18,100,30,0
"CTR-50688","CNPJ-137","Indústria",40782.46,82.3,30,0
"CTR-50689","CNPJ-119","Comércio",50260.06,72.9,60,0
"CTR-50690","CNPJ-201","Indústria",83908.5,80.3,30,0
"CTR-50691","CNPJ-247","Indústria",52647.96,78,90,0
"CTR-50692","CNPJ-217","Comércio",70967.15,77.3,90,0
"CTR-50693","CNPJ-146","Serviços",112574.15,96,120,0
"CTR-50694","CNPJ-112","Indústria",114170.67,100,60,0
"CTR-50695","CNPJ-291","Comércio",353816.84,87.5,90,0
"CTR-50696","CNPJ-212","Serviços",41888.6,75.2,60,0
"CTR-50697","CNPJ-267","Indústria",61844.11,96.5,60,0
"CTR-50698","CNPJ-218","Tecnologia",91304.44,85.6,90,0
"CTR-50699","CNPJ-293","Tecnologia",74226.03,84.8,60,0
"CTR-50700","CNPJ-139","Serviços",19089.34,78.5,30,0
"CTR-50701","CNPJ-108","Indústria",138994.72,77.4,90,0
"CTR-50702","CNPJ-107","Serviços",135092.94,71.7,120,0
"CTR-50703","CNPJ-142","Comércio",110290.28,92.6,60,0
"CTR-50704","CNPJ-266","Tecnologia",58631.64,100,30,0
"CTR-50705","CNPJ-176","Serviços",531797.9,63.9,30,0
"CTR-50706","CNPJ-131","Comércio",26508.41,100,90,0
"CTR-50707","CNPJ-221","Comércio",183410.47,60.7,90,1
"CTR-50708","CNPJ-257","Indústria",335389.21,76.9,30,0
"CTR-50709","CNPJ-184","Comércio",23733.49,71.8,30,0
"CTR-50710","CNPJ-149","Comércio",57100.22,100,30,0
"CTR-50711","CNPJ-125","Comércio",186015.22,82.8,30,0
"CTR-50712","CNPJ-178","Comércio",212614.61,90.3,90,0
"CTR-50713","CNPJ-243","Serviços",99425.44,87.3,60,0
"CTR-50714","CNPJ-161","Comércio",114691.75,95.1,30,0
"CTR-50715","CNPJ-239","Serviços",146543.39,88.9,120,0
"CTR-50716","CNPJ-127","Indústria",115714.63,79.3,30,0
"CTR-50717","CNPJ-104","Comércio",94943.67,89.6,90,0
"CTR-50718","CNPJ-152","Tecnologia",60507.74,98.6,30,0
"CTR-50719","CNPJ-115","Indústria",38090.33,80.9,30,0
"CTR-50720","CNPJ-108","Comércio",122504.37,50.2,30,0
"CTR-50721","CNPJ-245","Serviços",110636.55,100,30,0
"CTR-50722","CNPJ-184","Tecnologia",152897.17,89.4,30,0
"CTR-50723","CNPJ-146","Serviços",52568.97,81,90,0
"CTR-50724","CNPJ-176","Indústria",188958.11,100,30,0
"CTR-50725","CNPJ-252","Comércio",209990.78,69,30,0
"CTR-50726","CNPJ-122","Serviços",79795.86,94.3,90,0
"CTR-50727","CNPJ-196","Serviços",103239.28,98.2,90,0
"CTR-50728","CNPJ-282","Indústria",581219.55,89.4,90,0
"CTR-50729","CNPJ-117","Serviços",44498.25,83.8,60,0
"CTR-50730","CNPJ-256","Tecnologia",70773.91,76.5,30,0
"CTR-50731","CNPJ-270","Serviços",100031.69,91.1,30,0
"CTR-50732","CNPJ-197","Comércio",679442.22,91.5,90,0
"CTR-50733","CNPJ-272","Comércio",88178.98,92.4,30,0
"CTR-50734","CNPJ-134","Serviços",105898.76,100,90,0
"CTR-50735","CNPJ-164","Serviços",29138.84,96.1,120,0
"CTR-50736","CNPJ-285","Indústria",205415.08,95.8,90,0
"CTR-50737","CNPJ-238","Comércio",94873.98,75.1,30,1
"CTR-50738","CNPJ-277","Comércio",78886.33,81.1,60,0
"CTR-50739","CNPJ-203","Comércio",30034.95,97.1,30,0
"CTR-50740","CNPJ-286","Comércio",224560.25,82.7,120,0
"CTR-50741","CNPJ-113","Comércio",101331.48,66.8,30,0
"CTR-50742","CNPJ-168","Indústria",46960.62,95.8,60,0
"CTR-50743","CNPJ-212","Comércio",36503.7,68.5,60,0
"CTR-50744","CNPJ-106","Comércio",95707.41,86,120,0
"CTR-50745","CNPJ-262","Comércio",204415.31,89.8,30,0
"CTR-50746","CNPJ-199","Comércio",77193.98,79.6,30,0
"CTR-50747","CNPJ-218","Serviços",167458.73,92.8,60,0
"CTR-50748","CNPJ-173","Comércio",111377.99,79.7,30,0
"CTR-50749","CNPJ-179","Indústria",111062.24,76.7,60,0
"CTR-50750","CNPJ-281","Serviços",34337.62,100,90,0
"CTR-50751","CNPJ-261","Indústria",80829.59,78.6,60,0
"CTR-50752","CNPJ-290","Comércio",129661.98,79,60,0
"CTR-50753","CNPJ-193","Serviços",210975.42,94.4,120,0
"CTR-50754","CNPJ-150","Indústria",35878.6,90.3,30,0
"CTR-50755","CNPJ-262","Serviços",218942.82,100,120,0
"CTR-50756","CNPJ-165","Comércio",247224.7,73.6,60,0
"CTR-50757","CNPJ-223","Serviços",20741,93.4,30,0
"CTR-50758","CNPJ-258","Serviços",15081.74,83.5,30,0
"CTR-50759","CNPJ-265","Serviços",31610.67,75.5,60,0
"CTR-50760","CNPJ-207","Comércio",43727.16,86.4,90,0
"CTR-50761","CNPJ-144","Comércio",32902.87,64.8,30,0
"CTR-50762","CNPJ-105","Comércio",126641.76,100,60,0
"CTR-50763","CNPJ-100","Comércio",NA,69.5,120,0
"CTR-50764","CNPJ-210","Serviços",205330.94,80.3,60,0
"CTR-50765","CNPJ-256","Comércio",70498.33,76.6,60,0
"CTR-50766","CNPJ-210","Comércio",141340.13,98.8,30,0
"CTR-50767","CNPJ-160","Tecnologia",97913.61,81.2,30,0
"CTR-50768","CNPJ-224","Comércio",137076.3,95.8,30,0
"CTR-50769","CNPJ-259","Tecnologia",108260.98,79.6,120,0
"CTR-50770","CNPJ-181","Serviços",35501.48,100,30,0
"CTR-50771","CNPJ-260","Serviços",39226.26,98.2,90,0
"CTR-50772","CNPJ-106","Comércio",764653.08,90.2,90,0
"CTR-50773","CNPJ-225","Serviços",22225.29,85.5,90,0
"CTR-50774","CNPJ-124","Tecnologia",135348.68,81.1,30,0
"CTR-50775","CNPJ-285","Comércio",115223.54,81.2,90,0
"CTR-50776","CNPJ-216","Comércio",171584.68,100,90,0
"CTR-50777","CNPJ-131","Comércio",82179.52,84.5,30,0
"CTR-50778","CNPJ-253","Tecnologia",61117.61,90.7,30,0
"CTR-50779","CNPJ-277","Indústria",27692.11,78.7,30,0
"CTR-50780","CNPJ-127","Indústria",417870.71,91,120,0
"CTR-50781","CNPJ-161","Serviços",37245.58,55.9,90,0
"CTR-50782","CNPJ-200","Indústria",94430.36,81,30,0
"CTR-50783","CNPJ-205","Comércio",NA,74.8,30,0
"CTR-50784","CNPJ-148","Indústria",133462.78,85.9,30,0
"CTR-50785","CNPJ-275","Tecnologia",63966.2,100,120,0
"CTR-50786","CNPJ-157","Serviços",42199.71,89.7,30,0
"CTR-50787","CNPJ-104","Serviços",118892.04,74.5,30,1
"CTR-50788","CNPJ-100","Tecnologia",NA,100,90,0
"CTR-50789","CNPJ-283","Comércio",93676.58,97.5,30,0
"CTR-50790","CNPJ-218","Serviços",62127.24,100,60,0
"CTR-50791","CNPJ-171","Serviços",56876.33,75.9,30,0
"CTR-50792","CNPJ-245","Serviços",30507.87,70.6,60,0
"CTR-50793","CNPJ-283","Comércio",62381.36,100,120,0
"CTR-50794","CNPJ-237","Comércio",93663.11,86.6,60,0
"CTR-50795","CNPJ-297","Indústria",143789.65,96.6,30,0
"CTR-50796","CNPJ-109","Indústria",23881.34,70.7,30,0
"CTR-50797","CNPJ-173","Indústria",76299.24,100,90,0
"CTR-50798","CNPJ-251","Comércio",NA,81,30,0
"CTR-50799","CNPJ-226","Indústria",89626.42,70.5,60,0
"CTR-50800","CNPJ-194","Indústria",169372.22,75.3,90,0
"CTR-50801","CNPJ-251","Serviços",74140.33,65.2,30,0
"CTR-50802","CNPJ-230","Comércio",350117.12,95,30,0
"CTR-50803","CNPJ-155","Serviços",13872.5,88.8,90,0
"CTR-50804","CNPJ-181","Indústria",273203.27,89.2,30,0
"CTR-50805","CNPJ-275","Comércio",NA,83.8,30,0
"CTR-50806","CNPJ-297","Serviços",94151.1,100,30,0
"CTR-50807","CNPJ-128","Comércio",47656.65,78.3,120,0
"CTR-50808","CNPJ-236","Serviços",25953.36,100,60,0
"CTR-50809","CNPJ-204","Tecnologia",576334.05,97.3,30,0
"CTR-50810","CNPJ-222","Comércio",82657.34,97.8,30,0
"CTR-50811","CNPJ-106","Comércio",43927.32,87.6,30,1
"CTR-50812","CNPJ-158","Comércio",113274.32,87,30,0
"CTR-50813","CNPJ-274","Indústria",199052.18,86,90,1
"CTR-50814","CNPJ-176","Indústria",102115.06,85.3,90,1
"CTR-50815","CNPJ-100","Comércio",93674.25,85.7,60,0
"CTR-50816","CNPJ-246","Comércio",121329.03,71.2,120,0
"CTR-50817","CNPJ-265","Comércio",107489.77,95,30,0
"CTR-50818","CNPJ-214","Comércio",34459.75,80.9,30,0
"CTR-50819","CNPJ-117","Serviços",49619.58,70.4,30,1
"CTR-50820","CNPJ-274","Comércio",91550.03,88.2,90,0
"CTR-50821","CNPJ-110","Comércio",28613.4,78.5,60,0
"CTR-50822","CNPJ-267","Indústria",138635.7,100,30,0
"CTR-50823","CNPJ-223","Indústria",152294.23,100,30,0
"CTR-50824","CNPJ-282","Comércio",280766.81,85.6,90,0
"CTR-50825","CNPJ-211","Serviços",143783.58,88.3,30,0
"CTR-50826","CNPJ-253","Indústria",124422.11,78.8,60,0
"CTR-50827","CNPJ-130","Serviços",80620.97,97,60,0
"CTR-50828","CNPJ-201","Tecnologia",222956.62,76.8,30,0
"CTR-50829","CNPJ-175","Serviços",77813.53,74.4,60,0
"CTR-50830","CNPJ-173","Serviços",113334.63,96.8,30,0
"CTR-50831","CNPJ-185","Indústria",33414.93,81.8,30,1
"CTR-50832","CNPJ-219","Serviços",33585.94,83.3,60,0
"CTR-50833","CNPJ-278","Comércio",108266.82,93.1,30,0
"CTR-50834","CNPJ-167","Indústria",221190.24,58,90,0
"CTR-50835","CNPJ-194","Comércio",48195.54,80.1,30,0
"CTR-50836","CNPJ-283","Indústria",132367.11,80.3,30,0
"CTR-50837","CNPJ-147","Serviços",NA,84.8,30,0
"CTR-50838","CNPJ-168","Serviços",95818.61,100,30,0
"CTR-50839","CNPJ-164","Comércio",NA,72.4,30,0
"CTR-50840","CNPJ-222","Indústria",NA,93.5,30,0
"CTR-50841","CNPJ-245","Indústria",NA,85.7,90,0
"CTR-50842","CNPJ-146","Comércio",826543.5,79.4,90,0
"CTR-50843","CNPJ-126","Serviços",1771613.08,75.7,60,0
"CTR-50844","CNPJ-246","Comércio",221780.21,91.5,90,0
"CTR-50845","CNPJ-170","Indústria",180617.2,79.4,30,0
"CTR-50846","CNPJ-200","Serviços",98263.92,72,60,0
"CTR-50847","CNPJ-220","Tecnologia",80936.01,58.4,30,0
"CTR-50848","CNPJ-114","Serviços",43612.62,80.8,60,0
"CTR-50849","CNPJ-235","Tecnologia",69158.24,98.4,60,0
"CTR-50850","CNPJ-109","Comércio",16500.31,77.6,90,0
"CTR-50851","CNPJ-142","Tecnologia",109588.26,85,120,0
"CTR-50852","CNPJ-257","Comércio",86803.23,81.5,60,0
"CTR-50853","CNPJ-284","Serviços",48060.43,89.1,30,0
"CTR-50854","CNPJ-213","Indústria",61275.51,100,30,0
"CTR-50855","CNPJ-145","Indústria",596000.03,70.9,60,0
"CTR-50856","CNPJ-200","Tecnologia",63731.69,100,120,0
"CTR-50857","CNPJ-178","Serviços",14870.38,79,30,0
"CTR-50858","CNPJ-216","Tecnologia",117526.45,75.7,60,0
"CTR-50859","CNPJ-145","Serviços",92977.68,91.5,60,0
"CTR-50860","CNPJ-245","Indústria",31450.5,72.9,60,0
"CTR-50861","CNPJ-175","Comércio",71775.04,90.6,30,0
"CTR-50862","CNPJ-265","Comércio",68425.13,74,90,0
"CTR-50863","CNPJ-252","Indústria",54900.73,98.4,60,0
"CTR-50864","CNPJ-129","Indústria",112029.75,84.9,30,0
"CTR-50865","CNPJ-156","Serviços",122913.72,98,60,0
"CTR-50866","CNPJ-124","Indústria",144377.04,81.1,30,0
"CTR-50867","CNPJ-215","Comércio",208349.4,82.6,30,0
"CTR-50868","CNPJ-292","Indústria",79990.74,87.8,30,0
"CTR-50869","CNPJ-118","Comércio",70892.76,81.4,30,0
"CTR-50870","CNPJ-168","Indústria",67891.53,81,30,0
"CTR-50871","CNPJ-207","Comércio",81223.44,87.9,90,0
"CTR-50872","CNPJ-272","Indústria",201097.09,100,30,0
"CTR-50873","CNPJ-212","Indústria",231153.23,78.2,120,0
"CTR-50874","CNPJ-256","Serviços",92204.97,100,30,0
"CTR-50875","CNPJ-202","Serviços",361758.31,76.4,90,0
"CTR-50876","CNPJ-141","Comércio",114520.89,94.8,30,0
"CTR-50877","CNPJ-288","Indústria",95269.67,100,30,0
"CTR-50878","CNPJ-179","Serviços",131193.28,77.4,30,0
"CTR-50879","CNPJ-182","Serviços",200389.78,74.1,30,0
"CTR-50880","CNPJ-244","Comércio",72760.73,100,90,0
"CTR-50881","CNPJ-191","Serviços",202513.95,89.9,120,0
"CTR-50882","CNPJ-129","Comércio",79085.03,100,120,0
"CTR-50883","CNPJ-158","Comércio",385348.18,97.1,30,0
"CTR-50884","CNPJ-288","Serviços",349316.69,86.9,90,0
"CTR-50885","CNPJ-128","Serviços",46676.06,86.2,30,0
"CTR-50886","CNPJ-287","Serviços",105535.84,100,90,0
"CTR-50887","CNPJ-135","Tecnologia",18946.26,91.8,30,1
"CTR-50888","CNPJ-146","Indústria",129135.62,91.4,120,0
"CTR-50889","CNPJ-116","Indústria",355533.07,100,30,0
"CTR-50890","CNPJ-248","Comércio",158905.11,84.4,60,0
"CTR-50891","CNPJ-135","Serviços",51982,94.4,30,0
"CTR-50892","CNPJ-154","Comércio",33052.44,71.8,30,0
"CTR-50893","CNPJ-122","Indústria",36170.55,78.4,60,0
"CTR-50894","CNPJ-241","Comércio",51234.43,94.9,30,0
"CTR-50895","CNPJ-144","Serviços",131840.16,78,90,0
"CTR-50896","CNPJ-265","Comércio",136475.65,78.4,30,0
"CTR-50897","CNPJ-180","Serviços",149172.39,90.7,60,0
"CTR-50898","CNPJ-192","Serviços",711808.71,93.4,90,0
"CTR-50899","CNPJ-265","Serviços",121715.87,72.3,120,0
"CTR-50900","CNPJ-139","Serviços",207645.93,77.8,30,0
"CTR-50901","CNPJ-173","Comércio",73534.47,73.6,90,0
"CTR-50902","CNPJ-116","Comércio",72392.23,71.7,30,0
"CTR-50903","CNPJ-149","Comércio",316980.43,100,30,0
"CTR-50904","CNPJ-163","Serviços",102884.03,82.1,120,0
"CTR-50905","CNPJ-219","Comércio",257397.4,92.2,30,0
"CTR-50906","CNPJ-194","Comércio",103274.64,100,60,0
"CTR-50907","CNPJ-272","Comércio",88970.91,85.5,60,0
"CTR-50908","CNPJ-180","Serviços",116626.73,84.3,90,0
"CTR-50909","CNPJ-270","Indústria",435799.14,61.5,90,1
"CTR-50910","CNPJ-126","Indústria",55350.18,76.8,60,0
"CTR-50911","CNPJ-285","Indústria",105479.73,86.9,90,0
"CTR-50912","CNPJ-289","Comércio",76297.19,90.5,90,0
"CTR-50913","CNPJ-299","Tecnologia",337831.9,79.3,30,0
"CTR-50914","CNPJ-280","Comércio",106614.32,80.4,30,0
"CTR-50915","CNPJ-278","Indústria",60326.45,66.3,30,0
"CTR-50916","CNPJ-266","Serviços",63024.82,79.2,60,0
"CTR-50917","CNPJ-221","Serviços",53736.93,100,30,0
"CTR-50918","CNPJ-160","Serviços",42638.82,94.3,30,0
"CTR-50919","CNPJ-256","Comércio",158357.5,86.1,30,0
"CTR-50920","CNPJ-175","Tecnologia",124351.51,85,120,0
"CTR-50921","CNPJ-294","Indústria",62426.99,92,90,0
"CTR-50922","CNPJ-190","Serviços",69935.94,95.4,30,0
"CTR-50923","CNPJ-127","Serviços",98514.65,91,30,0
"CTR-50924","CNPJ-180","Comércio",46693.14,95.5,30,0
"CTR-50925","CNPJ-107","Comércio",141181.34,85.3,30,0
"CTR-50926","CNPJ-205","Comércio",28841.97,100,60,0
"CTR-50927","CNPJ-132","Comércio",NA,85.8,30,0
"CTR-50928","CNPJ-252","Serviços",134482.61,83,60,0
"CTR-50929","CNPJ-219","Comércio",35904.78,94.4,30,0
"CTR-50930","CNPJ-240","Indústria",52431.9,77.3,60,0
"CTR-50931","CNPJ-233","Comércio",131676,100,60,0
"CTR-50932","CNPJ-189","Tecnologia",297458.43,79.7,30,0
"CTR-50933","CNPJ-208","Comércio",112579.03,81.2,90,0
"CTR-50934","CNPJ-246","Comércio",247799.18,80.6,90,0
"CTR-50935","CNPJ-157","Indústria",36771.07,65.3,90,0
"CTR-50936","CNPJ-263","Indústria",174067.15,83.7,30,0
"CTR-50937","CNPJ-209","Serviços",118628.96,99.8,120,0
"CTR-50938","CNPJ-110","Comércio",101802.71,93,90,0
"CTR-50939","CNPJ-105","Serviços",108751.52,94.5,60,0
"CTR-50940","CNPJ-287","Serviços",221698.33,92.5,60,0
"CTR-50941","CNPJ-127","Serviços",157265.48,92.3,30,1
"CTR-50942","CNPJ-186","Comércio",184182.93,72.7,30,0
"CTR-50943","CNPJ-205","Comércio",51805.58,68,30,0
"CTR-50944","CNPJ-251","Serviços",103941.24,72.2,60,0
"CTR-50945","CNPJ-171","Serviços",94945.14,85,120,0
"CTR-50946","CNPJ-213","Indústria",436943.51,81.8,90,0
"CTR-50947","CNPJ-285","Tecnologia",16079.76,92.8,60,0
"CTR-50948","CNPJ-111","Serviços",32053.07,85,60,0
"CTR-50949","CNPJ-176","Indústria",NA,79.5,60,0
"CTR-50950","CNPJ-176","Serviços",356784.37,95.8,60,0
"CTR-50951","CNPJ-201","Comércio",267368.94,66.3,30,0
"CTR-50952","CNPJ-116","Comércio",369717.19,94.2,30,0
"CTR-50953","CNPJ-170","Comércio",112446.82,98.2,30,0
"CTR-50954","CNPJ-279","Serviços",295755.38,77.1,120,0
"CTR-50955","CNPJ-174","Comércio",277485.5,63.3,60,0
"CTR-50956","CNPJ-221","Serviços",191028.83,76.7,90,0
"CTR-50957","CNPJ-237","Serviços",76579.69,58.8,90,0
"CTR-50958","CNPJ-118","Serviços",64828.7,84.7,30,0
"CTR-50959","CNPJ-240","Comércio",532012.92,78.1,60,0
"CTR-50960","CNPJ-249","Serviços",43511.68,100,60,0
"CTR-50961","CNPJ-205","Tecnologia",245941.63,96.7,30,0
"CTR-50962","CNPJ-154","Serviços",220408.8,81.9,60,0
"CTR-50963","CNPJ-248","Comércio",74579.03,83.9,120,0
"CTR-50964","CNPJ-113","Tecnologia",297445.54,97.5,90,0
"CTR-50965","CNPJ-182","Comércio",125179.84,82.6,30,0
"CTR-50966","CNPJ-124","Indústria",NA,79.1,30,0
"CTR-50967","CNPJ-122","Comércio",122299.73,73.6,60,0
"CTR-50968","CNPJ-217","Indústria",170639.16,92.6,60,0
"CTR-50969","CNPJ-209","Comércio",217538.84,81.8,30,0
"CTR-50970","CNPJ-100","Indústria",129937.61,66.6,30,0
"CTR-50971","CNPJ-132","Tecnologia",67216.96,77.4,90,0
"CTR-50972","CNPJ-214","Serviços",67680.22,93.5,60,0
"CTR-50973","CNPJ-198","Indústria",72279.21,76.6,60,0
"CTR-50974","CNPJ-149","Comércio",109635.35,62.8,60,0
"CTR-50975","CNPJ-200","Serviços",61511.63,76.7,60,0
"CTR-50976","CNPJ-131","Serviços",124549.31,80.6,60,0
"CTR-50977","CNPJ-277","Indústria",96976.23,85.1,30,0
"CTR-50978","CNPJ-237","Indústria",118890.64,85.1,60,0
"CTR-50979","CNPJ-247","Comércio",33099.65,100,90,0
"CTR-50980","CNPJ-262","Indústria",200100.9,90.8,120,0
"CTR-50981","CNPJ-224","Comércio",102304.01,70.2,90,0
"CTR-50982","CNPJ-146","Comércio",36312.3,100,30,0
"CTR-50983","CNPJ-139","Comércio",106058.36,100,60,0
"CTR-50984","CNPJ-133","Tecnologia",87222.87,100,90,0
"CTR-50985","CNPJ-157","Comércio",123801.5,89.9,30,0
"CTR-50986","CNPJ-260","Serviços",49454.69,74.4,30,0
"CTR-50987","CNPJ-135","Tecnologia",94714.33,87.3,30,0
"CTR-50988","CNPJ-165","Serviços",83081.45,100,60,0
"CTR-50989","CNPJ-269","Indústria",17431.88,90.6,30,0
"CTR-50990","CNPJ-191","Comércio",167827.11,99.9,30,0
"CTR-50991","CNPJ-125","Serviços",64436.78,96.2,60,0
"CTR-50992","CNPJ-101","Serviços",85524.54,97.3,60,0
"CTR-50993","CNPJ-231","Tecnologia",24862.78,81.6,30,0
"CTR-50994","CNPJ-268","Serviços",142012.42,82.1,60,0
"CTR-50995","CNPJ-223","Indústria",50830.53,77.8,60,0
"CTR-50996","CNPJ-120","Indústria",273815.75,88.1,30,0
"CTR-50997","CNPJ-179","Tecnologia",167443.29,76,90,0
"CTR-50998","CNPJ-233","Comércio",279856.59,95.1,30,0
"CTR-50999","CNPJ-231","Comércio",39408.44,79.4,90,0
"CTR-51000","CNPJ-267","Comércio",169763.94,99.9,120,0
"CTR-50108","CNPJ-190","Serviços",90365.59,79.6,60,0
"CTR-50131","CNPJ-134","Comércio",56484.05,96.6,30,0
"CTR-50296","CNPJ-168","Comércio",52750.39,100,60,0
"CTR-50272","CNPJ-165","Serviços",53631.72,76.3,30,0
"CTR-50342","CNPJ-150","Comércio",31910.25,89.9,60,0
"CTR-50802","CNPJ-230","Comércio",350117.12,95,30,0
"CTR-50763","CNPJ-100","Comércio",NA,69.5,120,0
"CTR-50091","CNPJ-279","Tecnologia",23206.97,91,60,0
"CTR-50929","CNPJ-219","Comércio",35904.78,94.4,30,0
"CTR-50383","CNPJ-191","Serviços",85889.53,100,60,0
"CTR-50320","CNPJ-235","Comércio",34155.95,78.4,90,0
"CTR-50602","CNPJ-171","Comércio",40299.45,60.7,30,0
"CTR-50749","CNPJ-179","Indústria",111062.24,76.7,60,0
"CTR-50941","CNPJ-127","Serviços",157265.48,92.3,30,1
"CTR-50472","CNPJ-221","Serviços",245455.7,92.1,60,0
"CTR-50251","CNPJ-127","Serviços",79568.67,83.1,30,0
"CTR-50586","CNPJ-255","Comércio",319289.03,85.2,30,0
"CTR-50358","CNPJ-117","Comércio",23489.17,83.2,60,0
"CTR-50994","CNPJ-268","Serviços",142012.42,82.1,60,0
"CTR-50491","CNPJ-273","Serviços",39567.6,98.7,90,0
"CTR-50511","CNPJ-266","Tecnologia",43882,100,90,0
"CTR-50060","CNPJ-130","Comércio",17040.18,82.7,30,0
"CTR-50948","CNPJ-111","Serviços",32053.07,85,60,0
"CTR-50077","CNPJ-163","Comércio",70265.78,65,60,0
"CTR-50458","CNPJ-148","Indústria",682023.92,91.4,30,0
"CTR-50673","CNPJ-293","Tecnologia",NA,98.2,60,0
"CTR-50436","CNPJ-106","Serviços",126141.59,52.7,60,0
"CTR-50547","CNPJ-289","Tecnologia",32661.82,78.6,60,0
"CTR-50603","CNPJ-149","Comércio",16435.17,81.2,120,1
"CTR-50107","CNPJ-169","Serviços",107621.32,74,90,0
